,code,item,freq,year_,seq,value_,date_
0,1344.0,18608.0,A,2017,1,107.0,2017-08-31
1,1344.0,18608.0,A,2018,1,112.0,2018-08-31
2,1344.0,18608.0,A,2019,1,112.0,2019-08-31
3,1344.0,18608.0,A,2020,1,119.0,2020-08-31
4,1344.0,18608.0,A,2021,1,122.0,2021-08-31
5,1344.0,18608.0,A,2022,1,125.0,2022-08-31
6,1344.0,18608.0,A,2023,1,128.0,2023-08-31
7,5423.0,18608.0,A,2021,1,111.0,2021-12-31
8,5423.0,18608.0,A,2022,1,116.0,2022-12-31
9,11537.0,18608.0,A,2022,1,124.0,2022-03-31
10,11537.0,18608.0,A,2023,1,119.13,2023-03-31
11,11756.0,18608.0,A,2022,1,133.13,2022-03-31
12,11756.0,18608.0,A,2023,1,120.01,2023-03-31
13,11996.0,18608.0,A,2017,1,118.0,2017-12-31
14,11996.0,18608.0,A,2018,1,119.0,2018-12-31
15,11996.0,18608.0,A,2019,1,125.0,2019-12-31
16,11996.0,18608.0,A,2020,1,151.63,2020-12-31
17,11996.0,18608.0,A,2021,1,152.84,2021-12-31
18,11996.0,18608.0,A,2022,1,139.6,2022-12-31
19,11734.0,18608.0,A,2022,1,144.44,2022-03-31
20,11734.0,18608.0,A,2023,1,137.32,2023-03-31
21,12703.0,18608.0,A,2021,1,134.0,2021-12-31
22,12703.0,18608.0,A,2022,1,130.0,2022-12-31
23,21437.0,18608.0,A,2017,1,118.1,2017-03-31
24,21437.0,18608.0,A,2018,1,123.9,2018-03-31
25,21437.0,18608.0,A,2019,1,128.0,2019-03-31
26,21437.0,18608.0,A,2020,1,122.0,2020-03-31
27,21437.0,18608.0,A,2021,1,112.8,2021-03-31
28,21437.0,18608.0,A,2022,1,145.0,2022-03-31
29,21437.0,18608.0,A,2023,1,116.4,2023-03-31
30,21445.0,18608.0,A,2018,1,112.0,2018-06-30
31,21445.0,18608.0,A,2019,1,118.0,2019-06-30
32,21445.0,18608.0,A,2020,1,117.0,2020-06-30
33,21445.0,18608.0,A,2021,1,123.0,2021-06-30
34,21445.0,18608.0,A,2022,1,123.0,2022-06-30
35,23472.0,18608.0,A,2022,1,158.4,2022-12-31
36,25313.0,18608.0,A,2021,1,136.0,2021-12-31
37,25313.0,18608.0,A,2022,1,135.0,2022-12-31
38,35128.0,18608.0,A,2022,1,136.3,2022-12-31
39,38175.0,18608.0,A,2017,1,108.0,2017-09-30
40,38175.0,18608.0,A,2018,1,113.0,2018-09-30
41,38175.0,18608.0,A,2019,1,113.0,2019-09-30
42,38175.0,18608.0,A,2020,1,127.0,2020-09-30
43,38175.0,18608.0,A,2021,1,123.0,2021-09-30
44,38175.0,18608.0,A,2022,1,119.0,2022-09-30
45,38175.0,18608.0,A,2023,1,116.0,2023-09-30
46,45539.0,18608.0,A,2018,1,170.0,2018-12-31
47,45539.0,18608.0,A,2019,1,195.0,2019-12-31
48,45539.0,18608.0,A,2020,1,210.18,2020-12-31
49,45539.0,18608.0,A,2021,1,209.53,2021-12-31
50,45539.0,18608.0,A,2022,1,307.6,2022-12-31
51,47471.0,18608.0,A,2015,1,138.0,2015-02-28
52,47471.0,18608.0,A,2016,1,145.0,2016-02-29
53,47471.0,18608.0,A,2017,1,187.0,2017-02-28
54,47471.0,18608.0,A,2018,1,206.0,2018-02-28
55,47471.0,18608.0,A,2019,1,196.0,2019-02-28
56,47471.0,18608.0,A,2020,1,197.0,2020-02-29
57,47471.0,18608.0,A,2021,1,221.0,2021-02-28
58,47471.0,18608.0,A,2022,1,225.0,2022-02-28
59,47471.0,18608.0,A,2023,1,215.0,2023-02-28
60,50520.0,18608.0,A,2017,1,136.47,2017-12-31
61,50520.0,18608.0,A,2018,1,124.1,2018-12-31
62,50520.0,18608.0,A,2019,1,108.52,2019-12-31
63,50520.0,18608.0,A,2020,1,145.97,2020-12-31
64,50594.0,18608.0,A,2022,1,157.77,2022-03-31
65,52338.0,18608.0,A,2017,1,123.93,2017-12-31
66,52338.0,18608.0,A,2018,1,117.11,2018-12-31
67,52338.0,18608.0,A,2019,1,116.6,2019-12-31
68,52338.0,18608.0,A,2020,1,126.1,2020-12-31
69,52338.0,18608.0,A,2021,1,126.2,2021-12-31
70,52338.0,18608.0,A,2022,1,119.93,2022-12-31
71,65077.0,18608.0,A,2022,1,122.71,2022-03-31
72,65077.0,18608.0,A,2023,1,125.15,2023-03-31
73,68277.0,18608.0,A,2021,1,127.3,2021-12-31
74,68277.0,18608.0,A,2022,1,126.0,2022-12-31
75,68972.0,18608.0,A,2022,1,113.0,2022-12-31
76,69520.0,18608.0,A,2023,1,161.5,2023-03-31
77,70752.0,18608.0,A,2020,1,97.0,2020-12-31
78,70752.0,18608.0,A,2021,1,101.0,2021-12-31
79,70752.0,18608.0,A,2022,1,111.0,2022-12-31
80,101268.0,18608.0,A,2015,1,76.14,2015-12-31
81,101268.0,18608.0,A,2016,1,80.8,2016-12-31
82,101268.0,18608.0,A,2017,1,196.01,2017-12-31
83,101268.0,18608.0,A,2018,1,88.31,2018-12-31
84,101268.0,18608.0,A,2019,1,108.5,2019-12-31
85,101268.0,18608.0,A,2020,1,103.65,2020-12-31
86,101268.0,18608.0,A,2021,1,105.28,2021-12-31
87,101268.0,18608.0,A,2022,1,107.81,2022-12-31
88,102680.0,18608.0,A,2020,1,127.6,2020-12-31
89,102680.0,18608.0,A,2021,1,134.0,2021-12-31
90,102680.0,18608.0,A,2022,1,139.4,2022-12-31
91,102482.0,18608.0,A,2018,1,135.0,2018-12-31
92,102482.0,18608.0,A,2019,1,144.0,2019-12-31
93,102482.0,18608.0,A,2020,1,147.0,2020-12-31
94,102482.0,18608.0,A,2021,1,153.0,2021-12-31
95,102482.0,18608.0,A,2022,1,167.0,2022-12-31
96,120657.0,18608.0,A,2017,1,129.0,2017-12-31
97,120657.0,18608.0,A,2018,1,125.0,2018-12-31
98,120657.0,18608.0,A,2019,1,113.0,2019-12-31
99,120657.0,18608.0,A,2020,1,118.0,2020-12-31
100,122037.0,18608.0,A,2018,1,107.77,2018-12-31
101,122037.0,18608.0,A,2019,1,104.44,2019-12-31
102,122037.0,18608.0,A,2020,1,101.42,2020-12-31
103,122037.0,18608.0,A,2021,1,107.69,2021-12-31
104,122037.0,18608.0,A,2022,1,117.38,2022-12-31
105,132574.0,18608.0,A,2022,1,114.03,2022-03-31
106,132574.0,18608.0,A,2023,1,125.68,2023-03-31
107,137341.0,18608.0,A,2021,1,116.1,2021-12-31
108,137341.0,18608.0,A,2022,1,113.4,2022-12-31
109,141328.0,18608.0,A,2021,1,164.35,2021-12-31
110,141328.0,18608.0,A,2022,1,157.23,2022-12-31
111,144638.0,18608.0,A,2022,1,130.0,2022-03-31
112,144638.0,18608.0,A,2023,1,120.79,2023-03-31
113,155626.0,18608.0,A,2017,1,113.9,2017-09-30
114,155626.0,18608.0,A,2018,1,115.0,2018-09-30
115,155626.0,18608.0,A,2019,1,116.0,2019-09-30
116,155626.0,18608.0,A,2020,1,124.0,2020-09-30
117,155626.0,18608.0,A,2021,1,124.0,2021-09-30
118,155626.0,18608.0,A,2022,1,119.0,2022-09-30
119,155626.0,18608.0,A,2023,1,116.0,2023-09-30
120,1325.0,18608.0,A,2017,1,107.0,2017-06-30
121,1325.0,18608.0,A,2018,1,112.0,2018-06-30
122,1325.0,18608.0,A,2019,1,112.0,2019-06-30
123,1325.0,18608.0,A,2020,1,120.0,2020-06-30
124,1325.0,18608.0,A,2021,1,129.0,2021-06-30
125,1325.0,18608.0,A,2022,1,130.0,2022-06-30
126,1325.0,18608.0,A,2023,1,124.0,2023-06-30
127,5288.0,18608.0,A,2022,1,102.2,2022-12-31
128,5559.0,18608.0,A,2021,1,102.39,2021-12-31
129,5559.0,18608.0,A,2022,1,104.06,2022-12-31
130,10470.0,18608.0,A,2020,1,120.9,2020-12-31
131,10470.0,18608.0,A,2021,1,134.5,2021-12-31
132,10470.0,18608.0,A,2022,1,146.3,2022-12-31
133,10912.0,18608.0,A,2018,1,154.0,2018-12-31
134,10912.0,18608.0,A,2019,1,149.1,2019-12-31
135,10912.0,18608.0,A,2020,1,152.9,2020-12-31
136,10912.0,18608.0,A,2021,1,147.4,2021-12-31
137,10912.0,18608.0,A,2022,1,163.8,2022-12-31
138,12621.0,18608.0,A,2015,1,97.0,2015-12-31
139,21684.0,18608.0,A,2020,1,133.03,2020-12-31
140,21684.0,18608.0,A,2021,1,151.0,2021-12-31
141,23743.0,18608.0,A,2020,1,139.2,2020-12-31
142,23743.0,18608.0,A,2021,1,137.1,2021-12-31
143,23743.0,18608.0,A,2022,1,148.2,2022-12-31
144,23120.0,18608.0,A,2021,1,127.0,2021-12-31
145,23120.0,18608.0,A,2022,1,117.0,2022-12-31
146,30389.0,18608.0,A,2020,1,118.6,2020-12-31
147,30389.0,18608.0,A,2021,1,115.6,2021-12-31
148,30389.0,18608.0,A,2022,1,116.0,2022-12-31
149,45974.0,18608.0,A,2021,1,111.0,2021-12-31
150,45974.0,18608.0,A,2022,1,116.0,2022-12-31
151,47663.0,18608.0,A,2021,1,123.9,2021-12-31
152,47663.0,18608.0,A,2022,1,123.9,2022-12-31
153,50699.0,18608.0,A,2022,1,140.09,2022-03-31
154,50699.0,18608.0,A,2023,1,136.52,2023-03-31
155,61339.0,18608.0,A,2018,1,126.43,2018-12-31
156,61339.0,18608.0,A,2019,1,129.12,2019-12-31
157,61339.0,18608.0,A,2020,1,127.15,2020-12-31
158,61339.0,18608.0,A,2021,1,125.75,2021-12-31
159,61339.0,18608.0,A,2022,1,127.88,2022-12-31
160,67246.0,18608.0,A,2021,1,118.1,2021-12-31
161,67246.0,18608.0,A,2022,1,118.0,2022-12-31
162,68179.0,18608.0,A,2019,1,115.0,2019-12-31
163,68179.0,18608.0,A,2020,1,122.0,2020-12-31
164,68179.0,18608.0,A,2021,1,128.0,2021-12-31
165,68179.0,18608.0,A,2022,1,124.0,2022-12-31
166,68264.0,18608.0,A,2021,1,111.5,2021-12-31
167,68264.0,18608.0,A,2022,1,111.1,2022-12-31
168,68905.0,18608.0,A,2021,1,112.34,2021-12-31
169,68905.0,18608.0,A,2022,1,116.96,2022-12-31
170,116540.0,18608.0,A,2017,1,105.92,2017-12-31
171,116540.0,18608.0,A,2018,1,117.34,2018-12-31
172,116540.0,18608.0,A,2019,1,110.81,2019-12-31
173,116540.0,18608.0,A,2020,1,114.45,2020-12-31
174,116540.0,18608.0,A,2021,1,107.93,2021-12-31
175,116540.0,18608.0,A,2022,1,114.8,2022-12-31
176,116542.0,18608.0,A,2017,1,101.49,2017-12-31
177,116542.0,18608.0,A,2020,1,106.48,2020-12-31
178,116542.0,18608.0,A,2021,1,106.48,2021-12-31
179,124973.0,18608.0,A,2019,1,163.13,2019-12-31
180,124973.0,18608.0,A,2020,1,182.64,2020-12-31
181,124973.0,18608.0,A,2021,1,200.05,2021-12-31
182,124973.0,18608.0,A,2022,1,210.39,2022-12-31
183,124800.0,18608.0,A,2018,1,126.82,2018-12-31
184,124800.0,18608.0,A,2019,1,122.86,2019-12-31
185,124800.0,18608.0,A,2020,1,118.98,2020-12-31
186,124800.0,18608.0,A,2021,1,126.65,2021-12-31
187,124800.0,18608.0,A,2022,1,136.09,2022-12-31
188,127350.0,18608.0,A,2022,1,120.78,2022-03-31
189,127350.0,18608.0,A,2023,1,124.98,2023-03-31
190,128604.0,18608.0,A,2018,1,109.69,2018-12-31
191,128604.0,18608.0,A,2019,1,114.82,2019-12-31
192,128604.0,18608.0,A,2020,1,110.43,2020-12-31
193,128604.0,18608.0,A,2021,1,105.38,2021-12-31
194,128604.0,18608.0,A,2022,1,106.79,2022-12-31
195,128343.0,18608.0,A,2022,1,186.44,2022-12-31
196,144166.0,18608.0,A,2019,1,133.71,2019-12-31
197,144166.0,18608.0,A,2020,1,127.73,2020-12-31
198,144166.0,18608.0,A,2021,1,125.85,2021-12-31
199,144166.0,18608.0,A,2022,1,133.84,2022-12-31
200,154171.0,18608.0,A,2021,1,157.0,2021-12-31
201,154171.0,18608.0,A,2022,1,145.0,2022-12-31
202,883.0,18608.0,A,2017,1,108.0,2017-09-30
203,883.0,18608.0,A,2018,1,113.0,2018-09-30
204,883.0,18608.0,A,2019,1,113.0,2019-09-30
205,883.0,18608.0,A,2020,1,127.0,2020-09-30
206,883.0,18608.0,A,2021,1,123.0,2021-09-30
207,883.0,18608.0,A,2022,1,119.0,2022-09-30
208,883.0,18608.0,A,2023,1,116.0,2023-09-30
209,4799.0,18608.0,A,2022,1,111.0,2022-10-31
210,4799.0,18608.0,A,2023,1,116.0,2023-10-31
211,6201.0,18608.0,A,2016,1,102.3,2016-12-31
212,6201.0,18608.0,A,2017,1,103.6,2017-12-31
213,6201.0,18608.0,A,2018,1,103.1,2018-12-31
214,6201.0,18608.0,A,2019,1,105.7,2019-12-31
215,6201.0,18608.0,A,2020,1,152.0,2020-12-31
216,6201.0,18608.0,A,2021,1,138.0,2021-12-31
217,6201.0,18608.0,A,2022,1,129.0,2022-12-31
218,6335.0,18608.0,A,2021,1,116.2,2021-12-31
219,6335.0,18608.0,A,2022,1,118.9,2022-12-31
220,7429.0,18608.0,A,2021,1,117.17,2021-12-31
221,7429.0,18608.0,A,2022,1,108.0,2022-12-31
222,8365.0,18608.0,A,2021,1,121.58,2021-12-31
223,8365.0,18608.0,A,2022,1,115.05,2022-12-31
224,8588.0,18608.0,A,2021,1,118.0,2021-12-31
225,8588.0,18608.0,A,2022,1,110.0,2022-12-31
226,11590.0,18608.0,A,2022,1,118.51,2022-03-31
227,11590.0,18608.0,A,2023,1,114.8,2023-03-31
228,19605.0,18608.0,A,2017,1,220.45,2017-12-31
229,19605.0,18608.0,A,2018,1,187.35,2018-12-31
230,19605.0,18608.0,A,2019,1,170.6,2019-12-31
231,19605.0,18608.0,A,2020,1,183.79,2020-12-31
232,19605.0,18608.0,A,2021,1,192.47,2021-12-31
233,19605.0,18608.0,A,2022,1,198.36,2022-12-31
234,20114.0,18608.0,A,2022,1,150.0,2022-12-31
235,19589.0,18608.0,A,2017,1,127.34,2017-12-31
236,19589.0,18608.0,A,2018,1,112.18,2018-12-31
237,19589.0,18608.0,A,2019,1,107.33,2019-12-31
238,19589.0,18608.0,A,2020,1,127.19,2020-12-31
239,19589.0,18608.0,A,2021,1,123.81,2021-12-31
240,19589.0,18608.0,A,2022,1,122.7,2022-12-31
241,25709.0,18608.0,A,2021,1,157.0,2021-12-31
242,25709.0,18608.0,A,2022,1,145.0,2022-12-31
243,25532.0,18608.0,A,2013,1,110.0,2013-12-31
244,25532.0,18608.0,A,2014,1,102.0,2014-12-31
245,25532.0,18608.0,A,2015,1,106.0,2015-12-31
246,25532.0,18608.0,A,2022,1,137.0,2022-12-31
247,35175.0,18608.0,A,2018,1,154.0,2018-12-31
248,35175.0,18608.0,A,2019,1,149.1,2019-12-31
249,35175.0,18608.0,A,2020,1,152.9,2020-12-31
250,35175.0,18608.0,A,2021,1,147.4,2021-12-31
251,35175.0,18608.0,A,2022,1,163.8,2022-12-31
252,51109.0,18608.0,A,2017,1,365.0,2017-12-31
253,51109.0,18608.0,A,2018,1,321.0,2018-12-31
254,51109.0,18608.0,A,2019,1,233.0,2019-12-31
255,51109.0,18608.0,A,2020,1,256.0,2020-12-31
256,51109.0,18608.0,A,2021,1,278.0,2021-12-31
257,51109.0,18608.0,A,2022,1,251.0,2022-12-31
258,55721.0,18608.0,A,2021,1,161.68,2021-03-31
259,55721.0,18608.0,A,2022,1,157.61,2022-03-31
260,55721.0,18608.0,A,2023,1,165.61,2023-03-31
261,56655.0,18608.0,A,2022,1,187.86,2022-03-31
262,56655.0,18608.0,A,2023,1,182.47,2023-03-31
263,64446.0,18608.0,A,2017,1,137.0,2017-12-31
264,64446.0,18608.0,A,2018,1,133.0,2018-12-31
265,64446.0,18608.0,A,2019,1,138.0,2019-12-31
266,64446.0,18608.0,A,2020,1,136.0,2020-12-31
267,64446.0,18608.0,A,2021,1,135.0,2021-12-31
268,64446.0,18608.0,A,2022,1,150.0,2022-12-31
269,64462.0,18608.0,A,2020,1,125.0,2020-12-31
270,64462.0,18608.0,A,2021,1,123.0,2021-12-31
271,64462.0,18608.0,A,2022,1,118.5,2022-12-31
272,66552.0,18608.0,A,2022,1,160.23,2022-03-31
273,66552.0,18608.0,A,2023,1,140.22,2023-03-31
274,69249.0,18608.0,A,2019,1,128.7,2019-12-31
275,69249.0,18608.0,A,2020,1,134.2,2020-12-31
276,69249.0,18608.0,A,2021,1,136.9,2021-12-31
277,69249.0,18608.0,A,2022,1,138.3,2022-12-31
278,69805.0,18608.0,A,2018,1,120.15,2018-12-31
279,69805.0,18608.0,A,2019,1,110.55,2019-12-31
280,69805.0,18608.0,A,2020,1,110.34,2020-12-31
281,69805.0,18608.0,A,2021,1,107.06,2021-12-31
282,69805.0,18608.0,A,2022,1,108.0,2022-12-31
283,70272.0,18608.0,A,2019,1,270.0,2019-12-31
284,70272.0,18608.0,A,2020,1,242.0,2020-12-31
285,70272.0,18608.0,A,2021,1,251.0,2021-12-31
286,102493.0,18608.0,A,2018,1,107.0,2018-12-31
287,102493.0,18608.0,A,2019,1,117.0,2019-12-31
288,102493.0,18608.0,A,2020,1,118.0,2020-12-31
289,102493.0,18608.0,A,2021,1,122.0,2021-12-31
290,102493.0,18608.0,A,2022,1,117.0,2022-12-31
291,103094.0,18608.0,A,2017,1,91.3,2017-12-31
292,103094.0,18608.0,A,2018,1,106.33,2018-12-31
293,103094.0,18608.0,A,2019,1,107.1,2019-12-31
294,103094.0,18608.0,A,2020,1,113.22,2020-12-31
295,103094.0,18608.0,A,2021,1,113.07,2021-12-31
296,103094.0,18608.0,A,2022,1,111.7,2022-12-31
297,103095.0,18608.0,A,2021,1,105.0,2021-12-31
298,115102.0,18608.0,A,2017,1,115.7,2017-12-31
299,115102.0,18608.0,A,2018,1,111.16,2018-12-31
300,115102.0,18608.0,A,2019,1,108.5,2019-12-31
301,115102.0,18608.0,A,2020,1,103.63,2020-12-31
302,115102.0,18608.0,A,2021,1,104.58,2021-12-31
303,115102.0,18608.0,A,2022,1,106.3,2022-12-31
304,119606.0,18608.0,A,2018,1,115.15,2018-12-31
305,119606.0,18608.0,A,2019,1,109.39,2019-12-31
306,119606.0,18608.0,A,2020,1,117.87,2020-12-31
307,119606.0,18608.0,A,2021,1,113.9,2021-12-31
308,119606.0,18608.0,A,2022,1,120.29,2022-12-31
309,124337.0,18608.0,A,2013,1,109.0,2013-12-31
310,124337.0,18608.0,A,2014,1,106.0,2014-12-31
311,124337.0,18608.0,A,2015,1,105.0,2015-12-31
312,124337.0,18608.0,A,2016,1,116.0,2016-12-31
313,124337.0,18608.0,A,2017,1,105.0,2017-12-31
314,124337.0,18608.0,A,2018,1,110.0,2018-12-31
315,124337.0,18608.0,A,2019,1,111.0,2019-12-31
316,124337.0,18608.0,A,2020,1,119.0,2020-12-31
317,124337.0,18608.0,A,2021,1,119.0,2021-12-31
318,124337.0,18608.0,A,2022,1,119.8,2022-12-31
319,127436.0,18608.0,A,2022,1,133.0,2022-12-31
320,128523.0,18608.0,A,2022,1,134.0,2022-12-31
321,130023.0,18608.0,A,2018,1,163.91,2018-12-31
322,130023.0,18608.0,A,2019,1,166.28,2019-12-31
323,130023.0,18608.0,A,2020,1,162.41,2020-12-31
324,130023.0,18608.0,A,2021,1,165.6,2021-12-31
325,130023.0,18608.0,A,2022,1,169.97,2022-12-31
326,141327.0,18608.0,A,2020,1,106.11,2020-12-31
327,141327.0,18608.0,A,2021,1,112.23,2021-12-31
328,141327.0,18608.0,A,2022,1,113.57,2022-12-31
329,142536.0,18608.0,A,2022,1,132.0,2022-12-31
330,142873.0,18608.0,A,2022,1,135.0,2022-12-31
331,150056.0,18608.0,A,2020,1,150.6,2020-12-31
332,150056.0,18608.0,A,2021,1,144.24,2021-12-31
333,150056.0,18608.0,A,2022,1,144.53,2022-12-31
334,6312.0,18608.0,A,2022,1,141.7,2022-12-31
335,6364.0,18608.0,A,2021,1,125.0,2021-12-31
336,6364.0,18608.0,A,2022,1,127.0,2022-12-31
337,9831.0,18608.0,A,2022,1,117.0,2022-12-31
338,11779.0,18608.0,A,2018,1,105.12,2018-12-31
339,11779.0,18608.0,A,2019,1,106.69,2019-12-31
340,11779.0,18608.0,A,2020,1,115.07,2020-12-31
341,11779.0,18608.0,A,2021,1,108.82,2021-12-31
342,12287.0,18608.0,A,2021,1,160.0,2021-12-31
343,12287.0,18608.0,A,2022,1,164.0,2022-12-31
344,17786.0,18608.0,A,2017,1,100.0,2017-12-31
345,17786.0,18608.0,A,2018,1,100.0,2018-12-31
346,17786.0,18608.0,A,2019,1,100.0,2019-12-31
347,17786.0,18608.0,A,2020,1,100.0,2020-12-31
348,17786.0,18608.0,A,2021,1,100.0,2021-12-31
349,17786.0,18608.0,A,2022,1,100.0,2022-12-31
350,19606.0,18608.0,A,2017,1,166.48,2017-12-31
351,19606.0,18608.0,A,2018,1,130.65,2018-12-31
352,19606.0,18608.0,A,2019,1,135.62,2019-12-31
353,19606.0,18608.0,A,2020,1,169.25,2020-12-31
354,19606.0,18608.0,A,2021,1,171.66,2021-12-31
355,19606.0,18608.0,A,2022,1,169.55,2022-12-31
356,19597.0,18608.0,A,2017,1,187.692,2017-12-31
357,19597.0,18608.0,A,2018,1,146.866,2018-12-31
358,19597.0,18608.0,A,2019,1,133.272,2019-12-31
359,19597.0,18608.0,A,2020,1,142.187,2020-12-31
360,19597.0,18608.0,A,2021,1,166.688,2021-12-31
361,19597.0,18608.0,A,2022,1,179.104,2022-12-31
362,21970.0,18608.0,A,2020,1,125.0,2020-12-31
363,21970.0,18608.0,A,2021,1,123.0,2021-12-31
364,21970.0,18608.0,A,2022,1,118.5,2022-12-31
365,23861.0,18608.0,A,2021,1,119.0,2021-12-31
366,23861.0,18608.0,A,2022,1,115.0,2022-12-31
367,23348.0,18608.0,A,2021,1,125.6,2021-12-31
368,23348.0,18608.0,A,2022,1,122.4,2022-12-31
369,32670.0,18608.0,A,2018,1,109.0,2018-12-31
370,32670.0,18608.0,A,2019,1,110.0,2019-12-31
371,32670.0,18608.0,A,2020,1,125.0,2020-12-31
372,32670.0,18608.0,A,2021,1,123.0,2021-12-31
373,32670.0,18608.0,A,2022,1,117.0,2022-12-31
374,44724.0,18608.0,A,2021,1,134.5,2021-12-31
375,69209.0,18608.0,A,2018,1,112.6,2018-12-31
376,69209.0,18608.0,A,2019,1,111.13,2019-12-31
377,69209.0,18608.0,A,2020,1,115.08,2020-12-31
378,69209.0,18608.0,A,2021,1,110.33,2021-12-31
379,69209.0,18608.0,A,2022,1,112.52,2022-12-31
380,69216.0,18608.0,A,2019,1,105.82,2019-12-31
381,69216.0,18608.0,A,2020,1,99.96,2020-12-31
382,69216.0,18608.0,A,2021,1,117.75,2021-12-31
383,69216.0,18608.0,A,2022,1,108.33,2022-12-31
384,69506.0,18608.0,A,2019,1,104.0,2019-12-31
385,69506.0,18608.0,A,2020,1,110.3,2020-12-31
386,69506.0,18608.0,A,2021,1,110.03,2021-12-31
387,69506.0,18608.0,A,2022,1,110.25,2022-12-31
388,104477.0,18608.0,A,2019,1,106.0,2019-12-31
389,104477.0,18608.0,A,2020,1,106.6,2020-12-31
390,104477.0,18608.0,A,2021,1,113.7,2021-12-31
391,104477.0,18608.0,A,2022,1,106.6,2022-12-31
392,111806.0,18608.0,A,2022,1,117.81,2022-03-31
393,111806.0,18608.0,A,2023,1,123.04,2023-03-31
394,116761.0,18608.0,A,2018,1,124.41,2018-12-31
395,116761.0,18608.0,A,2019,1,118.0,2019-12-31
396,116761.0,18608.0,A,2020,1,125.31,2020-12-31
397,116761.0,18608.0,A,2021,1,126.96,2021-12-31
398,116761.0,18608.0,A,2022,1,131.56,2022-12-31
399,117477.0,18608.0,A,2017,1,115.55,2017-12-31
400,117477.0,18608.0,A,2018,1,115.18,2018-12-31
401,117477.0,18608.0,A,2019,1,113.88,2019-12-31
402,117477.0,18608.0,A,2020,1,106.51,2020-12-31
403,117477.0,18608.0,A,2021,1,121.76,2021-12-31
404,117477.0,18608.0,A,2022,1,114.13,2022-12-31
405,120683.0,18608.0,A,2021,1,115.68,2021-12-31
406,120683.0,18608.0,A,2022,1,106.27,2022-12-31
407,125364.0,18608.0,A,2022,1,145.6,2022-12-31
408,127819.0,18608.0,A,2018,1,103.72,2018-12-31
409,127819.0,18608.0,A,2019,1,109.79,2019-12-31
410,127819.0,18608.0,A,2020,1,111.0,2020-12-31
411,127819.0,18608.0,A,2021,1,114.84,2021-12-31
412,127819.0,18608.0,A,2022,1,120.68,2022-12-31
413,129718.0,18608.0,A,2020,1,134.0,2020-12-31
414,129718.0,18608.0,A,2021,1,128.0,2021-12-31
415,129718.0,18608.0,A,2022,1,138.0,2022-12-31
416,137016.0,18608.0,A,2021,1,120.29,2021-12-31
417,137016.0,18608.0,A,2022,1,124.34,2022-12-31
418,137048.0,18608.0,A,2019,1,108.6,2019-12-31
419,137048.0,18608.0,A,2020,1,110.3,2020-12-31
420,137048.0,18608.0,A,2021,1,111.1,2021-12-31
421,137048.0,18608.0,A,2022,1,115.6,2022-12-31
422,138881.0,18608.0,A,2021,1,123.9,2021-12-31
423,138881.0,18608.0,A,2022,1,123.9,2022-12-31
424,140870.0,18608.0,A,2021,1,100.0,2021-03-31
425,140870.0,18608.0,A,2022,1,156.77,2022-03-31
426,140870.0,18608.0,A,2023,1,155.45,2023-03-31
427,151385.0,18608.0,A,2022,1,110.35,2022-12-31
428,154735.0,18608.0,A,2023,1,168.87,2023-03-31
429,155769.0,18608.0,A,2019,1,443.0,2019-12-31
430,155769.0,18608.0,A,2020,1,276.0,2020-12-31
431,155769.0,18608.0,A,2021,1,257.0,2021-12-31
432,155769.0,18608.0,A,2022,1,185.0,2022-12-31
433,1543.0,18608.0,A,2017,1,109.0,2017-09-30
434,1543.0,18608.0,A,2018,1,114.0,2018-09-30
435,1543.0,18608.0,A,2019,1,112.0,2019-09-30
436,1543.0,18608.0,A,2020,1,122.0,2020-09-30
437,1543.0,18608.0,A,2021,1,125.0,2021-09-30
438,1543.0,18608.0,A,2022,1,121.0,2022-09-30
439,1543.0,18608.0,A,2023,1,115.0,2023-09-30
440,1811.0,18608.0,A,2018,1,119.8,2018-12-31
441,1811.0,18608.0,A,2019,1,119.3,2019-12-31
442,1811.0,18608.0,A,2020,1,126.0,2020-12-31
443,1811.0,18608.0,A,2021,1,137.6,2021-12-31
444,1811.0,18608.0,A,2022,1,132.3,2022-12-31
445,5537.0,18608.0,A,2019,1,109.03,2019-12-31
446,5537.0,18608.0,A,2020,1,105.5,2020-12-31
447,5537.0,18608.0,A,2021,1,103.18,2021-12-31
448,5537.0,18608.0,A,2022,1,109.44,2022-12-31
449,18765.0,18608.0,A,2017,1,129.2,2017-12-31
450,18765.0,18608.0,A,2018,1,129.8,2018-12-31
451,18765.0,18608.0,A,2019,1,154.4,2019-12-31
452,18765.0,18608.0,A,2020,1,161.8,2020-12-31
453,18765.0,18608.0,A,2021,1,163.0,2021-12-31
454,18765.0,18608.0,A,2022,1,158.1,2022-12-31
455,23107.0,18608.0,A,2021,1,330.0,2021-12-31
456,23107.0,18608.0,A,2022,1,268.0,2022-12-31
457,26468.0,18608.0,A,2020,1,145.0,2020-09-30
458,26468.0,18608.0,A,2021,1,159.0,2021-09-30
459,26468.0,18608.0,A,2022,1,135.0,2022-09-30
460,30367.0,18608.0,A,2017,1,114.0,2017-12-31
461,30367.0,18608.0,A,2018,1,114.0,2018-12-31
462,30367.0,18608.0,A,2019,1,112.0,2019-12-31
463,30367.0,18608.0,A,2020,1,120.0,2020-12-31
464,30367.0,18608.0,A,2021,1,126.0,2021-12-31
465,30367.0,18608.0,A,2022,1,121.0,2022-12-31
466,35753.0,18608.0,A,2022,1,131.48,2022-03-31
467,35753.0,18608.0,A,2023,1,126.86,2023-03-31
468,42814.0,18608.0,A,2018,1,107.0,2018-12-31
469,42814.0,18608.0,A,2019,1,111.0,2019-12-31
470,42814.0,18608.0,A,2020,1,125.0,2020-12-31
471,42814.0,18608.0,A,2021,1,116.0,2021-12-31
472,42814.0,18608.0,A,2022,1,116.0,2022-12-31
473,44548.0,18608.0,A,2021,1,121.58,2021-12-31
474,44548.0,18608.0,A,2022,1,115.05,2022-12-31
475,51091.0,18608.0,A,2018,1,113.93,2018-12-31
476,51091.0,18608.0,A,2019,1,112.56,2019-12-31
477,51091.0,18608.0,A,2020,1,108.14,2020-12-31
478,51091.0,18608.0,A,2021,1,134.76,2021-12-31
479,51091.0,18608.0,A,2022,1,146.25,2022-12-31
480,53143.0,18608.0,A,2022,1,150.9,2022-03-31
481,53143.0,18608.0,A,2023,1,143.21,2023-03-31
482,54930.0,18608.0,A,2018,1,133.5,2018-12-31
483,54930.0,18608.0,A,2019,1,135.91,2019-12-31
484,54930.0,18608.0,A,2021,1,136.94,2021-12-31
485,54930.0,18608.0,A,2022,1,142.32,2022-12-31
486,59553.0,18608.0,A,2021,1,247.0,2021-12-31
487,59553.0,18608.0,A,2022,1,229.0,2022-12-31
488,60068.0,18608.0,A,2021,1,115.41,2021-12-31
489,60068.0,18608.0,A,2022,1,114.56,2022-12-31
490,60235.0,18608.0,A,2017,1,100.0,2017-12-31
491,60235.0,18608.0,A,2018,1,114.0,2018-12-31
492,60235.0,18608.0,A,2019,1,113.0,2019-12-31
493,60235.0,18608.0,A,2020,1,112.8,2020-12-31
494,60235.0,18608.0,A,2021,1,116.0,2021-12-31
495,60235.0,18608.0,A,2022,1,119.1,2022-12-31
496,64691.0,18608.0,A,2018,1,126.62,2018-12-31
497,64691.0,18608.0,A,2019,1,127.54,2019-12-31
498,64691.0,18608.0,A,2020,1,128.33,2020-12-31
499,64691.0,18608.0,A,2021,1,126.2,2021-12-31
500,64691.0,18608.0,A,2022,1,128.82,2022-12-31
501,64991.0,18608.0,A,2020,1,155.27,2020-12-31
502,64991.0,18608.0,A,2021,1,142.39,2021-12-31
503,64991.0,18608.0,A,2022,1,149.24,2022-12-31
504,66195.0,18608.0,A,2022,1,153.92,2022-03-31
505,66195.0,18608.0,A,2023,1,158.92,2023-03-31
506,66610.0,18608.0,A,2018,1,104.26,2018-12-31
507,66610.0,18608.0,A,2019,1,105.85,2019-12-31
508,66610.0,18608.0,A,2020,1,106.14,2020-12-31
509,66610.0,18608.0,A,2021,1,106.01,2021-12-31
510,66610.0,18608.0,A,2022,1,107.64,2022-12-31
511,67889.0,18608.0,A,2021,1,104.24,2021-12-31
512,67889.0,18608.0,A,2022,1,109.12,2022-12-31
513,68513.0,18608.0,A,2019,1,104.57,2019-12-31
514,68513.0,18608.0,A,2020,1,105.08,2020-12-31
515,68513.0,18608.0,A,2021,1,106.46,2021-12-31
516,68513.0,18608.0,A,2022,1,104.4,2022-12-31
517,72715.0,18608.0,A,2017,1,105.0,2017-12-31
518,72715.0,18608.0,A,2018,1,106.0,2018-12-31
519,72715.0,18608.0,A,2019,1,112.55,2019-12-31
520,72715.0,18608.0,A,2020,1,138.11,2020-12-31
521,72715.0,18608.0,A,2021,1,126.07,2021-12-31
522,72715.0,18608.0,A,2022,1,124.09,2022-12-31
523,102484.0,18608.0,A,2018,1,113.5,2018-12-31
524,102484.0,18608.0,A,2019,1,122.17,2019-12-31
525,102484.0,18608.0,A,2020,1,112.16,2020-12-31
526,102484.0,18608.0,A,2021,1,117.02,2021-12-31
527,102484.0,18608.0,A,2022,1,107.95,2022-12-31
528,114200.0,18608.0,A,2017,1,151.88,2017-12-31
529,114200.0,18608.0,A,2018,1,191.34,2018-12-31
530,114200.0,18608.0,A,2019,1,199.0,2019-12-31
531,114200.0,18608.0,A,2020,1,251.29,2020-12-31
532,114200.0,18608.0,A,2021,1,238.21,2021-12-31
533,114200.0,18608.0,A,2022,1,260.75,2022-12-31
534,115099.0,18608.0,A,2017,1,120.08,2017-12-31
535,115099.0,18608.0,A,2018,1,127.94,2018-12-31
536,115099.0,18608.0,A,2019,1,127.3,2019-12-31
537,115099.0,18608.0,A,2020,1,124.65,2020-12-31
538,115099.0,18608.0,A,2021,1,116.89,2021-12-31
539,115099.0,18608.0,A,2022,1,112.29,2022-12-31
540,118237.0,18608.0,A,2019,1,132.5,2019-12-31
541,118237.0,18608.0,A,2020,1,137.5,2020-12-31
542,118237.0,18608.0,A,2021,1,132.5,2021-12-31
543,118237.0,18608.0,A,2022,1,131.9,2022-12-31
544,120452.0,18608.0,A,2022,1,128.3,2022-12-31
545,121667.0,18608.0,A,2017,1,113.0,2017-12-31
546,121667.0,18608.0,A,2018,1,112.0,2018-12-31
547,121667.0,18608.0,A,2019,1,112.0,2019-12-31
548,121667.0,18608.0,A,2020,1,115.0,2020-12-31
549,121667.0,18608.0,A,2021,1,116.0,2021-12-31
550,121667.0,18608.0,A,2022,1,107.0,2022-12-31
551,123072.0,18608.0,A,2021,1,149.0,2021-12-31
552,124330.0,18608.0,A,2021,1,182.5,2021-12-31
553,124330.0,18608.0,A,2022,1,163.4,2022-12-31
554,124863.0,18608.0,A,2020,1,132.26,2020-12-31
555,124863.0,18608.0,A,2021,1,143.32,2021-12-31
556,124863.0,18608.0,A,2022,1,137.22,2022-12-31
557,127163.0,18608.0,A,2021,1,117.0,2021-12-31
558,127163.0,18608.0,A,2022,1,217.0,2022-12-31
559,127605.0,18608.0,A,2020,1,120.9,2020-12-31
560,127605.0,18608.0,A,2021,1,134.5,2021-12-31
561,127605.0,18608.0,A,2022,1,146.3,2022-12-31
562,127621.0,18608.0,A,2018,1,109.76,2018-12-31
563,127621.0,18608.0,A,2019,1,103.13,2019-12-31
564,127621.0,18608.0,A,2020,1,113.79,2020-12-31
565,127621.0,18608.0,A,2021,1,121.17,2021-12-31
566,130181.0,18608.0,A,2021,1,109.41,2021-12-31
567,130181.0,18608.0,A,2022,1,108.94,2022-12-31
568,134536.0,18608.0,A,2019,1,124.0,2019-12-31
569,134536.0,18608.0,A,2020,1,127.27,2020-12-31
570,134536.0,18608.0,A,2021,1,124.53,2021-12-31
571,134536.0,18608.0,A,2022,1,132.48,2022-12-31
572,136084.0,18608.0,A,2018,1,130.14,2018-12-31
573,136084.0,18608.0,A,2019,1,132.0,2019-12-31
574,136084.0,18608.0,A,2020,1,147.44,2020-12-31
575,136084.0,18608.0,A,2021,1,150.17,2021-12-31
576,136084.0,18608.0,A,2022,1,146.52,2022-12-31
577,139364.0,18608.0,A,2022,1,151.0,2022-12-31
578,2379.0,18608.0,A,2016,1,125.0,2016-12-31
579,2379.0,18608.0,A,2017,1,134.0,2017-12-31
580,2379.0,18608.0,A,2018,1,136.0,2018-12-31
581,2379.0,18608.0,A,2019,1,136.0,2019-12-31
582,2379.0,18608.0,A,2020,1,146.0,2020-12-31
583,2379.0,18608.0,A,2021,1,148.0,2021-12-31
584,2379.0,18608.0,A,2022,1,136.0,2022-12-31
585,1957.0,18608.0,A,2021,1,150.2,2021-12-31
586,1957.0,18608.0,A,2022,1,139.1,2022-12-31
587,6793.0,18608.0,A,2018,1,113.0,2018-12-31
588,6793.0,18608.0,A,2019,1,115.0,2019-12-31
589,6793.0,18608.0,A,2020,1,106.0,2020-12-31
590,6793.0,18608.0,A,2021,1,109.0,2021-12-31
591,6793.0,18608.0,A,2022,1,108.0,2022-12-31
592,8248.0,18608.0,A,2021,1,114.3,2021-12-31
593,8248.0,18608.0,A,2022,1,107.34,2022-12-31
594,11075.0,18608.0,A,2018,1,118.56,2018-12-31
595,11075.0,18608.0,A,2019,1,119.84,2019-12-31
596,11075.0,18608.0,A,2020,1,119.09,2020-12-31
597,12017.0,18608.0,A,2018,1,154.3,2018-12-31
598,12017.0,18608.0,A,2019,1,157.39,2019-12-31
599,12017.0,18608.0,A,2020,1,171.8,2020-12-31
600,12017.0,18608.0,A,2021,1,180.7,2021-12-31
601,12017.0,18608.0,A,2022,1,171.1,2022-12-31
602,11812.0,18608.0,A,2018,1,106.0,2018-12-31
603,11812.0,18608.0,A,2019,1,114.0,2019-12-31
604,11812.0,18608.0,A,2020,1,128.15,2020-12-31
605,11812.0,18608.0,A,2021,1,119.21,2021-12-31
606,11782.0,18608.0,A,2018,1,105.63,2018-12-31
607,11782.0,18608.0,A,2019,1,108.61,2019-12-31
608,11782.0,18608.0,A,2020,1,119.04,2020-12-31
609,11782.0,18608.0,A,2021,1,126.2,2021-12-31
610,11782.0,18608.0,A,2022,1,120.1,2022-12-31
611,12094.0,18608.0,A,2018,1,138.34,2018-12-31
612,12094.0,18608.0,A,2019,1,129.52,2019-12-31
613,12094.0,18608.0,A,2020,1,147.07,2020-12-31
614,12094.0,18608.0,A,2021,1,133.26,2021-12-31
615,19563.0,18608.0,A,2017,1,128.36,2017-12-31
616,19563.0,18608.0,A,2018,1,130.44,2018-12-31
617,19563.0,18608.0,A,2019,1,140.26,2019-12-31
618,19563.0,18608.0,A,2020,1,169.54,2020-12-31
619,19563.0,18608.0,A,2021,1,152.21,2021-12-31
620,19563.0,18608.0,A,2022,1,139.23,2022-12-31
621,20253.0,18608.0,A,2014,1,99.0,2014-12-31
622,20253.0,18608.0,A,2015,1,104.0,2015-12-31
623,20253.0,18608.0,A,2016,1,117.0,2016-12-31
624,21334.0,18608.0,A,2017,1,100.0,2017-12-31
625,21334.0,18608.0,A,2018,1,114.0,2018-12-31
626,21334.0,18608.0,A,2019,1,113.0,2019-12-31
627,21334.0,18608.0,A,2020,1,112.8,2020-12-31
628,21334.0,18608.0,A,2021,1,116.0,2021-12-31
629,21334.0,18608.0,A,2022,1,119.1,2022-12-31
630,21800.0,18608.0,A,2022,1,138.0,2022-12-31
631,23207.0,18608.0,A,2021,1,114.1,2021-12-31
632,23207.0,18608.0,A,2022,1,121.1,2022-12-31
633,22897.0,18608.0,A,2019,1,108.6,2019-12-31
634,22897.0,18608.0,A,2020,1,110.3,2020-12-31
635,22897.0,18608.0,A,2021,1,111.1,2021-12-31
636,22897.0,18608.0,A,2022,1,115.6,2022-12-31
637,25793.0,18608.0,A,2016,1,100.0,2016-12-31
638,25793.0,18608.0,A,2017,1,100.0,2017-12-31
639,25793.0,18608.0,A,2018,1,100.0,2018-12-31
640,25793.0,18608.0,A,2019,1,100.0,2019-12-31
641,25793.0,18608.0,A,2020,1,100.0,2020-12-31
642,25793.0,18608.0,A,2021,1,100.0,2021-12-31
643,25793.0,18608.0,A,2022,1,100.0,2022-12-31
644,28138.0,18608.0,A,2020,1,114.7,2020-09-30
645,28138.0,18608.0,A,2021,1,119.6,2021-09-30
646,28138.0,18608.0,A,2022,1,122.3,2022-09-30
647,32520.0,18608.0,A,2021,1,127.0,2021-12-31
648,32520.0,18608.0,A,2022,1,117.0,2022-12-31
649,46452.0,18608.0,A,2018,1,124.41,2018-12-31
650,46452.0,18608.0,A,2019,1,118.0,2019-12-31
651,46452.0,18608.0,A,2020,1,125.31,2020-12-31
652,46452.0,18608.0,A,2021,1,126.96,2021-12-31
653,46452.0,18608.0,A,2022,1,131.56,2022-12-31
654,52897.0,18608.0,A,2022,1,119.91,2022-03-31
655,52897.0,18608.0,A,2023,1,117.32,2023-03-31
656,55724.0,18608.0,A,2018,1,203.0,2018-12-31
657,55724.0,18608.0,A,2019,1,170.0,2019-12-31
658,55724.0,18608.0,A,2020,1,202.0,2020-12-31
659,55724.0,18608.0,A,2021,1,189.0,2021-12-31
660,66194.0,18608.0,A,2022,1,135.41,2022-03-31
661,66194.0,18608.0,A,2023,1,137.36,2023-03-31
662,69450.0,18608.0,A,2022,1,111.32,2022-12-31
663,104492.0,18608.0,A,2018,1,127.4,2018-12-31
664,104492.0,18608.0,A,2019,1,128.2,2019-12-31
665,104492.0,18608.0,A,2020,1,125.5,2020-12-31
666,104492.0,18608.0,A,2021,1,128.6,2021-12-31
667,104492.0,18608.0,A,2022,1,131.6,2022-12-31
668,121204.0,18608.0,A,2021,1,116.0,2021-12-31
669,121204.0,18608.0,A,2022,1,103.0,2022-12-31
670,126336.0,18608.0,A,2017,1,107.0,2017-06-30
671,126336.0,18608.0,A,2018,1,112.0,2018-06-30
672,126336.0,18608.0,A,2019,1,112.0,2019-06-30
673,126336.0,18608.0,A,2020,1,120.0,2020-06-30
674,126336.0,18608.0,A,2021,1,129.0,2021-06-30
675,126336.0,18608.0,A,2022,1,130.0,2022-06-30
676,126336.0,18608.0,A,2023,1,124.0,2023-06-30
677,126796.0,18608.0,A,2021,1,134.0,2021-12-31
678,126796.0,18608.0,A,2022,1,130.0,2022-12-31
679,127800.0,18608.0,A,2021,1,230.6,2021-12-31
680,127800.0,18608.0,A,2022,1,188.3,2022-12-31
681,127986.0,18608.0,A,2015,1,140.0,2015-12-31
682,127986.0,18608.0,A,2016,1,137.0,2016-12-31
683,127986.0,18608.0,A,2018,1,137.0,2018-12-31
684,127986.0,18608.0,A,2019,1,137.0,2019-12-31
685,127986.0,18608.0,A,2020,1,144.0,2020-12-31
686,127986.0,18608.0,A,2021,1,144.0,2021-12-31
687,127986.0,18608.0,A,2022,1,141.0,2022-12-31
688,128232.0,18608.0,A,2017,1,118.0,2017-09-30
689,128232.0,18608.0,A,2018,1,119.0,2018-09-30
690,128232.0,18608.0,A,2019,1,128.0,2019-09-30
691,128232.0,18608.0,A,2020,1,131.0,2020-09-30
692,128232.0,18608.0,A,2021,1,134.0,2021-09-30
693,128232.0,18608.0,A,2022,1,136.0,2022-09-30
694,128232.0,18608.0,A,2023,1,136.0,2023-09-30
695,129345.0,18608.0,A,2021,1,163.4,2021-12-31
696,129345.0,18608.0,A,2022,1,144.0,2022-12-31
697,129595.0,18608.0,A,2021,1,112.91,2021-12-31
698,129595.0,18608.0,A,2022,1,111.09,2022-12-31
699,129373.0,18608.0,A,2017,1,100.0,2017-12-31
700,129373.0,18608.0,A,2018,1,118.6,2018-12-31
701,129373.0,18608.0,A,2019,1,119.5,2019-12-31
702,129373.0,18608.0,A,2020,1,124.8,2020-12-31
703,129373.0,18608.0,A,2021,1,122.0,2021-12-31
704,129373.0,18608.0,A,2022,1,124.1,2022-12-31
705,132548.0,18608.0,A,2016,1,125.0,2016-12-31
706,132548.0,18608.0,A,2017,1,134.0,2017-12-31
707,132548.0,18608.0,A,2018,1,139.0,2018-12-31
708,132548.0,18608.0,A,2019,1,141.0,2019-12-31
709,132548.0,18608.0,A,2020,1,142.0,2020-12-31
710,132548.0,18608.0,A,2021,1,142.0,2021-12-31
711,132548.0,18608.0,A,2022,1,143.0,2022-12-31
712,138175.0,18608.0,A,2018,1,158.7,2018-12-31
713,138175.0,18608.0,A,2019,1,160.0,2019-12-31
714,138175.0,18608.0,A,2020,1,165.7,2020-12-31
715,138175.0,18608.0,A,2021,1,185.2,2021-12-31
716,138175.0,18608.0,A,2022,1,183.0,2022-12-31
717,141878.0,18608.0,A,2022,1,117.0,2022-12-31
718,143884.0,18608.0,A,2021,1,107.21,2021-12-31
719,143884.0,18608.0,A,2022,1,111.91,2022-12-31
720,150209.0,18608.0,A,2021,1,122.0,2021-12-31
721,150209.0,18608.0,A,2022,1,118.0,2022-12-31
722,1833.0,18608.0,A,2017,1,105.0,2017-12-31
723,1833.0,18608.0,A,2018,1,110.2,2018-12-31
724,1833.0,18608.0,A,2019,1,112.4,2019-12-31
725,1833.0,18608.0,A,2020,1,117.2,2020-12-31
726,1833.0,18608.0,A,2021,1,122.9,2021-12-31
727,1833.0,18608.0,A,2022,1,118.7,2022-12-31
728,6544.0,18608.0,A,2021,1,247.0,2021-12-31
729,6544.0,18608.0,A,2022,1,229.0,2022-12-31
730,11073.0,18608.0,A,2020,1,118.6,2020-12-31
731,11073.0,18608.0,A,2021,1,115.6,2021-12-31
732,11073.0,18608.0,A,2022,1,116.0,2022-12-31
733,12288.0,18608.0,A,2019,1,131.0,2019-12-31
734,12288.0,18608.0,A,2020,1,138.0,2020-12-31
735,12288.0,18608.0,A,2021,1,144.0,2021-12-31
736,12288.0,18608.0,A,2022,1,163.0,2022-12-31
737,12685.0,18608.0,A,2021,1,127.3,2021-12-31
738,12685.0,18608.0,A,2022,1,126.0,2022-12-31
739,19385.0,18608.0,A,2022,1,123.0,2022-12-31
740,19925.0,18608.0,A,2018,1,117.43,2018-12-31
741,19925.0,18608.0,A,2019,1,121.31,2019-12-31
742,19925.0,18608.0,A,2020,1,119.48,2020-12-31
743,19925.0,18608.0,A,2021,1,117.03,2021-12-31
744,19925.0,18608.0,A,2022,1,115.96,2022-12-31
745,20532.0,18608.0,A,2018,1,109.0,2018-12-31
746,20532.0,18608.0,A,2019,1,111.0,2019-12-31
747,20532.0,18608.0,A,2020,1,125.0,2020-12-31
748,20532.0,18608.0,A,2021,1,121.0,2021-12-31
749,20532.0,18608.0,A,2022,1,117.0,2022-12-31
750,22337.0,18608.0,A,2021,1,109.0,2021-12-31
751,22337.0,18608.0,A,2022,1,109.0,2022-12-31
752,21720.0,18608.0,A,2017,1,114.0,2017-12-31
753,21720.0,18608.0,A,2018,1,114.0,2018-12-31
754,21720.0,18608.0,A,2019,1,112.0,2019-12-31
755,21720.0,18608.0,A,2020,1,120.0,2020-12-31
756,21720.0,18608.0,A,2021,1,126.0,2021-12-31
757,21720.0,18608.0,A,2022,1,121.0,2022-12-31
758,21701.0,18608.0,A,2019,1,120.0,2019-12-31
759,21701.0,18608.0,A,2020,1,127.0,2020-12-31
760,21701.0,18608.0,A,2021,1,135.0,2021-12-31
761,21701.0,18608.0,A,2022,1,135.0,2022-12-31
762,30442.0,18608.0,A,2013,1,110.0,2013-12-31
763,30442.0,18608.0,A,2014,1,102.0,2014-12-31
764,30442.0,18608.0,A,2015,1,106.0,2015-12-31
765,30442.0,18608.0,A,2022,1,137.0,2022-12-31
766,47343.0,18608.0,A,2022,1,124.0,2022-03-31
767,47343.0,18608.0,A,2023,1,119.13,2023-03-31
768,55391.0,18608.0,A,2021,1,109.7,2021-12-31
769,55391.0,18608.0,A,2022,1,114.5,2022-12-31
770,63639.0,18608.0,A,2017,1,103.83,2017-12-31
771,63639.0,18608.0,A,2018,1,126.01,2018-12-31
772,63639.0,18608.0,A,2019,1,136.57,2019-12-31
773,63639.0,18608.0,A,2020,1,222.42,2020-12-31
774,63639.0,18608.0,A,2021,1,179.62,2021-12-31
775,63639.0,18608.0,A,2022,1,161.94,2022-12-31
776,66312.0,18608.0,A,2023,1,147.34,2023-03-31
777,69674.0,18608.0,A,2021,1,161.18,2021-12-31
778,69674.0,18608.0,A,2022,1,132.63,2022-12-31
779,72858.0,18608.0,A,2020,1,110.88,2020-12-31
780,72858.0,18608.0,A,2021,1,126.6,2021-12-31
781,72858.0,18608.0,A,2022,1,133.7,2022-12-31
782,101559.0,18608.0,A,2018,1,126.62,2018-12-31
783,101559.0,18608.0,A,2019,1,127.54,2019-12-31
784,101559.0,18608.0,A,2020,1,128.33,2020-12-31
785,101559.0,18608.0,A,2021,1,126.2,2021-12-31
786,101559.0,18608.0,A,2022,1,128.82,2022-12-31
787,104959.0,18608.0,A,2018,1,105.75,2018-12-31
788,104959.0,18608.0,A,2019,1,105.34,2019-12-31
789,104959.0,18608.0,A,2020,1,107.29,2020-12-31
790,104959.0,18608.0,A,2021,1,104.94,2021-12-31
791,104959.0,18608.0,A,2022,1,105.63,2022-12-31
792,113413.0,18608.0,A,2022,1,149.83,2022-12-31
793,123950.0,18608.0,A,2020,1,139.76,2020-12-31
794,123950.0,18608.0,A,2021,1,118.95,2021-12-31
795,123950.0,18608.0,A,2022,1,117.28,2022-12-31
796,127512.0,18608.0,A,2019,1,104.33,2019-12-31
797,127512.0,18608.0,A,2020,1,105.23,2020-12-31
798,127512.0,18608.0,A,2021,1,101.4,2021-12-31
799,127512.0,18608.0,A,2022,1,108.27,2022-12-31
800,129769.0,18608.0,A,2022,1,118.58,2022-03-31
801,129769.0,18608.0,A,2023,1,117.83,2023-03-31
802,130490.0,18608.0,A,2017,1,124.4,2017-12-31
803,130490.0,18608.0,A,2018,1,129.3,2018-12-31
804,130490.0,18608.0,A,2019,1,126.7,2019-12-31
805,130490.0,18608.0,A,2020,1,126.0,2020-12-31
806,130490.0,18608.0,A,2021,1,127.3,2021-12-31
807,130490.0,18608.0,A,2022,1,135.3,2022-12-31
808,132646.0,18608.0,A,2018,1,108.05,2018-12-31
809,132646.0,18608.0,A,2019,1,109.71,2019-12-31
810,132646.0,18608.0,A,2020,1,102.67,2020-12-31
811,132646.0,18608.0,A,2021,1,117.67,2021-12-31
812,132646.0,18608.0,A,2022,1,133.18,2022-12-31
813,141688.0,18608.0,A,2022,1,135.0,2022-12-31
814,141761.0,18608.0,A,2022,1,124.0,2022-12-31
815,143132.0,18608.0,A,2019,1,112.99,2019-12-31
816,143132.0,18608.0,A,2020,1,103.33,2020-12-31
817,143132.0,18608.0,A,2021,1,104.94,2021-12-31
818,143132.0,18608.0,A,2022,1,102.19,2022-12-31
819,144401.0,18608.0,A,2021,1,119.4,2021-12-31
820,144401.0,18608.0,A,2022,1,129.1,2022-12-31
821,143934.0,18608.0,A,2016,1,100.0,2016-12-31
822,143934.0,18608.0,A,2017,1,100.0,2017-12-31
823,143934.0,18608.0,A,2018,1,100.0,2018-12-31
824,143934.0,18608.0,A,2020,1,100.0,2020-12-31
825,143934.0,18608.0,A,2021,1,100.0,2021-12-31
826,143934.0,18608.0,A,2022,1,100.0,2022-12-31
827,1814.0,18608.0,A,2020,1,130.2,2020-12-31
828,1814.0,18608.0,A,2021,1,135.5,2021-12-31
829,1814.0,18608.0,A,2022,1,133.2,2022-12-31
830,1725.0,18608.0,A,2018,1,110.2,2018-06-30
831,1725.0,18608.0,A,2019,1,112.4,2019-06-30
832,1725.0,18608.0,A,2020,1,114.7,2020-06-30
833,1725.0,18608.0,A,2021,1,125.9,2021-06-30
834,1725.0,18608.0,A,2022,1,134.1,2022-06-30
835,1725.0,18608.0,A,2023,1,121.5,2023-06-30
836,5475.0,18608.0,A,2018,1,106.06,2018-12-31
837,5475.0,18608.0,A,2019,1,104.3,2019-12-31
838,5475.0,18608.0,A,2020,1,104.57,2020-12-31
839,5475.0,18608.0,A,2021,1,104.11,2021-12-31
840,5475.0,18608.0,A,2022,1,104.55,2022-12-31
841,6076.0,18608.0,A,2021,1,1.42,2021-12-31
842,6076.0,18608.0,A,2022,1,1.35,2022-12-31
843,6212.0,18608.0,A,2021,1,130.0,2021-12-31
844,6212.0,18608.0,A,2022,1,123.0,2022-12-31
845,6620.0,18608.0,A,2017,1,122.0,2017-12-31
846,6620.0,18608.0,A,2018,1,119.0,2018-12-31
847,6620.0,18608.0,A,2019,1,118.0,2019-12-31
848,6620.0,18608.0,A,2020,1,126.0,2020-12-31
849,6620.0,18608.0,A,2021,1,118.0,2021-12-31
850,6620.0,18608.0,A,2022,1,121.0,2022-12-31
851,7836.0,18608.0,A,2021,1,112.6,2021-12-31
852,7836.0,18608.0,A,2022,1,106.1,2022-12-31
853,8113.0,18608.0,A,2021,1,110.0,2021-12-31
854,8113.0,18608.0,A,2022,1,114.0,2022-12-31
855,8871.0,18608.0,A,2021,1,121.0,2021-12-31
856,8871.0,18608.0,A,2022,1,120.0,2022-12-31
857,9261.0,18608.0,A,2022,1,128.3,2022-12-31
858,12221.0,18608.0,A,2017,1,140.0,2017-12-31
859,12221.0,18608.0,A,2018,1,134.0,2018-12-31
860,12221.0,18608.0,A,2019,1,141.1,2019-12-31
861,12221.0,18608.0,A,2020,1,149.41,2020-12-31
862,12221.0,18608.0,A,2021,1,151.81,2021-12-31
863,12221.0,18608.0,A,2022,1,165.72,2022-12-31
864,12730.0,18608.0,A,2016,1,111.0,2016-06-30
865,12730.0,18608.0,A,2018,1,108.0,2018-06-30
866,12730.0,18608.0,A,2019,1,107.0,2019-06-30
867,12730.0,18608.0,A,2020,1,109.0,2020-06-30
868,12730.0,18608.0,A,2021,1,116.0,2021-06-30
869,12730.0,18608.0,A,2022,1,115.0,2022-06-30
870,12730.0,18608.0,A,2023,1,119.3,2023-06-30
871,20039.0,18608.0,A,2018,1,122.65,2018-12-31
872,20039.0,18608.0,A,2019,1,130.74,2019-12-31
873,20039.0,18608.0,A,2020,1,153.58,2020-12-31
874,20039.0,18608.0,A,2021,1,154.88,2021-12-31
875,20039.0,18608.0,A,2022,1,148.81,2022-12-31
876,20547.0,18608.0,A,2018,1,107.0,2018-12-31
877,20547.0,18608.0,A,2019,1,111.0,2019-12-31
878,20547.0,18608.0,A,2020,1,125.0,2020-12-31
879,20547.0,18608.0,A,2021,1,116.0,2021-12-31
880,20547.0,18608.0,A,2022,1,116.0,2022-12-31
881,20618.0,18608.0,A,2018,1,109.0,2018-12-31
882,20618.0,18608.0,A,2019,1,110.0,2019-12-31
883,20618.0,18608.0,A,2020,1,125.0,2020-12-31
884,20618.0,18608.0,A,2021,1,123.0,2021-12-31
885,20618.0,18608.0,A,2022,1,117.0,2022-12-31
886,20929.0,18608.0,A,2021,1,116.1,2021-12-31
887,20929.0,18608.0,A,2022,1,113.4,2022-12-31
888,21424.0,18608.0,A,2017,1,100.0,2017-12-31
889,21424.0,18608.0,A,2018,1,118.6,2018-12-31
890,21424.0,18608.0,A,2019,1,119.5,2019-12-31
891,21424.0,18608.0,A,2020,1,124.8,2020-12-31
892,21424.0,18608.0,A,2021,1,122.0,2021-12-31
893,21424.0,18608.0,A,2022,1,124.1,2022-12-31
894,21963.0,18608.0,A,2017,1,102.0,2017-12-31
895,21963.0,18608.0,A,2018,1,104.0,2018-12-31
896,21963.0,18608.0,A,2019,1,113.0,2019-12-31
897,21963.0,18608.0,A,2020,1,117.0,2020-12-31
898,21963.0,18608.0,A,2021,1,114.0,2021-12-31
899,21963.0,18608.0,A,2022,1,114.0,2022-12-31
900,23343.0,18608.0,A,2021,1,118.57,2021-12-31
901,23343.0,18608.0,A,2022,1,116.95,2022-12-31
902,28038.0,18608.0,A,2022,1,118.1,2022-07-31
903,28038.0,18608.0,A,2023,1,126.0,2023-07-31
904,28273.0,18608.0,A,2022,1,136.3,2022-12-31
905,47194.0,18608.0,A,2021,1,150.2,2021-12-31
906,47194.0,18608.0,A,2022,1,139.1,2022-12-31
907,50108.0,18608.0,A,2023,1,170.97,2023-03-31
908,50109.0,18608.0,A,2022,1,138.57,2022-03-31
909,50109.0,18608.0,A,2023,1,141.58,2023-03-31
910,51596.0,18608.0,A,2022,1,147.41,2022-03-31
911,51596.0,18608.0,A,2023,1,139.27,2023-03-31
912,61540.0,18608.0,A,2022,1,119.1,2022-03-31
913,61540.0,18608.0,A,2023,1,109.73,2023-03-31
914,65662.0,18608.0,A,2018,1,90.06,2018-12-31
915,65662.0,18608.0,A,2020,1,99.51,2020-12-31
916,65662.0,18608.0,A,2021,1,97.7,2021-12-31
917,65662.0,18608.0,A,2022,1,104.72,2022-12-31
918,68178.0,18608.0,A,2020,1,145.0,2020-12-31
919,68178.0,18608.0,A,2021,1,136.0,2021-12-31
920,68178.0,18608.0,A,2022,1,139.0,2022-12-31
921,68647.0,18608.0,A,2019,1,113.0,2019-12-31
922,68647.0,18608.0,A,2020,1,126.0,2020-12-31
923,68647.0,18608.0,A,2021,1,108.59,2021-12-31
924,68647.0,18608.0,A,2022,1,108.0,2022-12-31
925,71843.0,18608.0,A,2018,1,117.0,2018-12-31
926,71843.0,18608.0,A,2019,1,129.0,2019-12-31
927,71843.0,18608.0,A,2020,1,145.0,2020-12-31
928,71843.0,18608.0,A,2021,1,154.0,2021-12-31
929,71843.0,18608.0,A,2022,1,142.0,2022-12-31
930,103438.0,18608.0,A,2018,1,118.83,2018-12-31
931,103438.0,18608.0,A,2019,1,112.36,2019-12-31
932,110073.0,18608.0,A,2019,1,108.24,2019-12-31
933,110073.0,18608.0,A,2020,1,106.07,2020-12-31
934,110073.0,18608.0,A,2021,1,119.56,2021-12-31
935,110073.0,18608.0,A,2022,1,122.89,2022-12-31
936,113545.0,18608.0,A,2019,1,200.0,2019-12-31
937,113545.0,18608.0,A,2020,1,157.0,2020-12-31
938,113545.0,18608.0,A,2021,1,174.0,2021-12-31
939,113545.0,18608.0,A,2022,1,165.0,2022-12-31
940,119282.0,18608.0,A,2019,1,109.31,2019-12-31
941,119282.0,18608.0,A,2020,1,108.49,2020-12-31
942,119282.0,18608.0,A,2021,1,109.26,2021-12-31
943,119282.0,18608.0,A,2022,1,118.61,2022-12-31
944,119283.0,18608.0,A,2019,1,104.81,2019-12-31
945,119283.0,18608.0,A,2020,1,116.25,2020-12-31
946,119283.0,18608.0,A,2021,1,113.56,2021-12-31
947,119283.0,18608.0,A,2022,1,121.37,2022-12-31
948,126757.0,18608.0,A,2017,1,107.0,2017-06-30
949,126757.0,18608.0,A,2018,1,112.0,2018-06-30
950,126757.0,18608.0,A,2019,1,112.0,2019-06-30
951,126757.0,18608.0,A,2020,1,120.0,2020-06-30
952,126757.0,18608.0,A,2021,1,129.0,2021-06-30
953,126757.0,18608.0,A,2022,1,130.0,2022-06-30
954,126757.0,18608.0,A,2023,1,124.0,2023-06-30
955,128589.0,18608.0,A,2018,1,111.86,2018-12-31
956,128589.0,18608.0,A,2019,1,119.53,2019-12-31
957,128589.0,18608.0,A,2020,1,126.13,2020-12-31
958,128589.0,18608.0,A,2021,1,119.11,2021-12-31
959,128589.0,18608.0,A,2022,1,115.62,2022-12-31
960,134973.0,18608.0,A,2021,1,105.32,2021-12-31
961,134973.0,18608.0,A,2022,1,116.72,2022-12-31
962,136470.0,18608.0,A,2021,1,130.0,2021-12-31
963,136470.0,18608.0,A,2022,1,123.0,2022-12-31
964,136618.0,18608.0,A,2021,1,139.46,2021-12-31
965,139709.0,18608.0,A,2018,1,130.45,2018-12-31
966,139709.0,18608.0,A,2019,1,137.19,2019-12-31
967,139709.0,18608.0,A,2020,1,141.19,2020-12-31
968,139709.0,18608.0,A,2021,1,138.32,2021-12-31
969,139709.0,18608.0,A,2022,1,128.32,2022-12-31
970,146649.0,18608.0,A,2021,1,133.5,2021-12-31
971,146649.0,18608.0,A,2022,1,144.1,2022-12-31
972,1541.0,18608.0,A,2017,1,113.9,2017-09-30
973,1541.0,18608.0,A,2018,1,115.0,2018-09-30
974,1541.0,18608.0,A,2019,1,116.0,2019-09-30
975,1541.0,18608.0,A,2020,1,124.0,2020-09-30
976,1541.0,18608.0,A,2021,1,124.0,2021-09-30
977,1541.0,18608.0,A,2022,1,119.0,2022-09-30
978,1541.0,18608.0,A,2023,1,116.0,2023-09-30
979,5576.0,18608.0,A,2018,1,125.6,2018-12-31
980,5576.0,18608.0,A,2019,1,124.46,2019-12-31
981,5576.0,18608.0,A,2020,1,123.5,2020-12-31
982,5576.0,18608.0,A,2021,1,121.33,2021-12-31
983,5576.0,18608.0,A,2022,1,122.47,2022-12-31
984,6220.0,18608.0,A,2021,1,132.0,2021-12-31
985,6220.0,18608.0,A,2022,1,132.0,2022-12-31
986,7941.0,18608.0,A,2021,1,122.5,2021-12-31
987,7941.0,18608.0,A,2022,1,114.2,2022-12-31
988,8251.0,18608.0,A,2021,1,110.0,2021-12-31
989,8251.0,18608.0,A,2022,1,105.46,2022-12-31
990,8230.0,18608.0,A,2022,1,109.8,2022-12-31
991,11416.0,18608.0,A,2022,1,147.39,2022-03-31
992,11416.0,18608.0,A,2023,1,129.29,2023-03-31
993,11415.0,18608.0,A,2022,1,126.51,2022-03-31
994,11415.0,18608.0,A,2023,1,122.91,2023-03-31
995,11573.0,18608.0,A,2022,1,131.48,2022-03-31
996,11573.0,18608.0,A,2023,1,126.86,2023-03-31
997,12087.0,18608.0,A,2018,1,120.07,2018-12-31
998,12087.0,18608.0,A,2019,1,114.43,2019-12-31
999,12087.0,18608.0,A,2020,1,139.8,2020-12-31
1000,12087.0,18608.0,A,2021,1,149.1,2021-12-31
1001,12087.0,18608.0,A,2022,1,145.54,2022-12-31
1002,12141.0,18608.0,A,2018,1,122.16,2018-12-31
1003,12141.0,18608.0,A,2019,1,129.04,2019-12-31
1004,12141.0,18608.0,A,2020,1,143.49,2020-12-31
1005,12141.0,18608.0,A,2021,1,140.68,2021-12-31
1006,12141.0,18608.0,A,2022,1,130.5,2022-12-31
1007,17873.0,18608.0,A,2022,1,114.2,2022-03-31
1008,17873.0,18608.0,A,2023,1,107.3,2023-03-31
1009,19218.0,18608.0,A,2021,1,145.3,2021-12-31
1010,19218.0,18608.0,A,2022,1,144.9,2022-12-31
1011,23679.0,18608.0,A,2021,1,139.5,2021-12-31
1012,23679.0,18608.0,A,2022,1,132.3,2022-12-31
1013,23620.0,18608.0,A,2020,1,124.0,2020-12-31
1014,23620.0,18608.0,A,2021,1,125.0,2021-12-31
1015,23620.0,18608.0,A,2022,1,124.0,2022-12-31
1016,30354.0,18608.0,A,2019,1,120.0,2019-12-31
1017,30354.0,18608.0,A,2020,1,127.0,2020-12-31
1018,30354.0,18608.0,A,2021,1,135.0,2021-12-31
1019,30354.0,18608.0,A,2022,1,135.0,2022-12-31
1020,41160.0,18608.0,A,2021,1,110.0,2021-12-31
1021,41160.0,18608.0,A,2022,1,114.0,2022-12-31
1022,43534.0,18608.0,A,2017,1,109.0,2017-09-30
1023,43534.0,18608.0,A,2018,1,114.0,2018-09-30
1024,43534.0,18608.0,A,2019,1,112.0,2019-09-30
1025,43534.0,18608.0,A,2020,1,122.0,2020-09-30
1026,43534.0,18608.0,A,2021,1,125.0,2021-09-30
1027,46944.0,18608.0,A,2022,1,145.0,2022-03-31
1028,46944.0,18608.0,A,2023,1,147.0,2023-03-31
1029,51668.0,18608.0,A,2019,1,121.04,2019-12-31
1030,51668.0,18608.0,A,2020,1,117.51,2020-12-31
1031,51668.0,18608.0,A,2021,1,123.88,2021-12-31
1032,51668.0,18608.0,A,2022,1,131.83,2022-12-31
1033,55556.0,18608.0,A,2022,1,108.05,2022-03-31
1034,55556.0,18608.0,A,2023,1,122.04,2023-03-31
1035,57006.0,18608.0,A,2022,1,170.11,2022-03-31
1036,57006.0,18608.0,A,2023,1,156.64,2023-03-31
1037,59457.0,18608.0,A,2020,1,123.0,2020-12-31
1038,59457.0,18608.0,A,2021,1,134.0,2021-12-31
1039,59457.0,18608.0,A,2022,1,135.0,2022-12-31
1040,59933.0,18608.0,A,2018,1,114.0,2018-12-31
1041,59933.0,18608.0,A,2019,1,110.02,2019-12-31
1042,59933.0,18608.0,A,2020,1,110.6,2020-12-31
1043,59933.0,18608.0,A,2021,1,109.93,2021-12-31
1044,59933.0,18608.0,A,2022,1,107.41,2022-12-31
1045,66109.0,18608.0,A,2021,1,113.78,2021-12-31
1046,66109.0,18608.0,A,2022,1,116.0,2022-12-31
1047,69196.0,18608.0,A,2021,1,112.09,2021-12-31
1048,69196.0,18608.0,A,2022,1,126.88,2022-12-31
1049,69055.0,18608.0,A,2018,1,117.0,2018-12-31
1050,69055.0,18608.0,A,2019,1,112.3,2019-12-31
1051,69055.0,18608.0,A,2020,1,108.2,2020-12-31
1052,69055.0,18608.0,A,2021,1,106.6,2021-12-31
1053,69055.0,18608.0,A,2022,1,110.0,2022-12-31
1054,69393.0,18608.0,A,2020,1,133.03,2020-12-31
1055,69393.0,18608.0,A,2021,1,151.0,2021-12-31
1056,69494.0,18608.0,A,2017,1,107.46,2017-12-31
1057,69494.0,18608.0,A,2018,1,104.04,2018-12-31
1058,69494.0,18608.0,A,2019,1,100.4,2019-12-31
1059,70900.0,18608.0,A,2021,1,115.1,2021-12-31
1060,70900.0,18608.0,A,2022,1,107.4,2022-12-31
1061,72631.0,18608.0,A,2017,1,158.34,2017-12-31
1062,72631.0,18608.0,A,2018,1,141.06,2018-12-31
1063,72631.0,18608.0,A,2019,1,176.08,2019-12-31
1064,72631.0,18608.0,A,2020,1,182.15,2020-12-31
1065,72631.0,18608.0,A,2021,1,155.09,2021-12-31
1066,72631.0,18608.0,A,2022,1,148.52,2022-12-31
1067,72713.0,18608.0,A,2022,1,244.0,2022-12-31
1068,128653.0,18608.0,A,2021,1,109.7,2021-12-31
1069,128653.0,18608.0,A,2022,1,114.5,2022-12-31
1070,133951.0,18608.0,A,2021,1,139.0,2021-12-31
1071,133951.0,18608.0,A,2022,1,127.0,2022-12-31
1072,136346.0,18608.0,A,2020,1,183.5,2020-12-31
1073,136346.0,18608.0,A,2021,1,195.8,2021-12-31
1074,135313.0,18608.0,A,2022,1,138.95,2022-03-31
1075,135313.0,18608.0,A,2023,1,124.59,2023-03-31
1076,140987.0,18608.0,A,2023,1,133.27,2023-03-31
1077,139870.0,18608.0,A,2022,1,122.06,2022-12-31
1078,141801.0,18608.0,A,2022,1,196.2,2022-12-31
1079,141703.0,18608.0,A,2022,1,134.0,2022-12-31
1080,146967.0,18608.0,A,2022,1,146.96,2022-03-31
1081,146967.0,18608.0,A,2023,1,139.03,2023-03-31
1082,148118.0,18608.0,A,2018,1,143.53,2018-12-31
1083,148118.0,18608.0,A,2019,1,140.6,2019-12-31
1084,148118.0,18608.0,A,2020,1,135.88,2020-12-31
1085,148118.0,18608.0,A,2021,1,137.87,2021-12-31
1086,148118.0,18608.0,A,2022,1,149.08,2022-12-31
1087,149252.0,18608.0,A,2018,1,152.74,2018-12-31
1088,149252.0,18608.0,A,2019,1,139.13,2019-12-31
1089,149252.0,18608.0,A,2020,1,134.06,2020-12-31
1090,149252.0,18608.0,A,2021,1,132.58,2021-12-31
1091,149252.0,18608.0,A,2022,1,135.47,2022-12-31
